Timesteps,Accuracy
0,55.3030303030303
1,58.333333333333336
2,60.60606060606061
3,62.121212121212125
4,62.878787878787875
5,65.15151515151516
6,65.9090909090909
7,66.66666666666666
8,69.6969696969697
9,69.6969696969697
10,65.15151515151516
11,70.45454545454545
12,71.21212121212122
13,71.21212121212122
14,71.96969696969697
15,75.0
16,72.72727272727273
17,77.27272727272727
18,79.54545454545455
19,76.51515151515152
20,77.27272727272727
21,75.0
22,75.0
23,75.75757575757575
24,78.78787878787878
