Timesteps,Accuracy
0,55.3030303030303
1,59.84848484848485
2,56.060606060606055
3,59.09090909090909
4,55.3030303030303
5,54.54545454545454
6,56.81818181818182
7,59.84848484848485
8,62.878787878787875
9,65.15151515151516
10,64.39393939393939
11,65.15151515151516
12,73.48484848484848
13,74.24242424242425
14,73.48484848484848
15,75.75757575757575
16,74.24242424242425
17,75.0
18,75.0
19,75.75757575757575
20,77.27272727272727
21,77.27272727272727
22,75.0
23,78.03030303030303
24,76.51515151515152
